Email,Match_Name,Match_Email,Match_Phone
john.doe@example.com,Jane Smith,jane.smith@example.com,555-123-4567
alice.jones@example.com,Bob Johnson,bob.johnson@example.com,555-234-5678
chris.lee@example.com,Sara King,sara.king@example.com,555-345-6789
olivia.brown@example.com,Mark White,mark.white@example.com,555-456-7890
emma.taylor@example.com,Emily Thomas,emily.thomas@example.com,555-567-8901
noah.wilson@example.com,Michael Roberts,michael.roberts@example.com,555-678-9012
liam.martin@example.com,Chloe Walker,chloe.walker@example.com,555-789-0123
sophia.hall@example.com,Kevin Allen,kevin.allen@example.com,555-890-1234
lucas.clark@example.com,Jessica Lewis,jessica.lewis@example.com,555-901-2345
mia.young@example.com,Jason Harris,jason.harris@example.com,555-012-3456
amelia.scott@example.com,Laura Robinson,laura.robinson@example.com,555-123-4568
ethan.adams@example.com,Daniel Clark,daniel.clark@example.com,555-234-5679
ava.phillips@example.com,Olivia Morris,olivia.morris@example.com,555-345-6780
logan.wright@example.com,Nathan Mitchell,nathan.mitchell@example.com,555-456-7891
isabella.green@example.com,Amanda Cook,amanda.cook@example.com,555-567-8902
william.baker@example.com,Sophia Carter,sophia.carter@example.com,555-678-9013
james.nelson@example.com,Benjamin Hall,benjamin.hall@example.com,555-789-0124
charlotte.hill@example.com,Zoe Edwards,zoe.edwards@example.com,555-890-1235
benjamin.knight@example.com,Lily Turner,lily.turner@example.com,555-901-2346
harper.perry@example.com,Adam Murphy,adam.murphy@example.com,555-012-3457